,Unnamed: 0,model,content,score,creationTime,nickname,productColor,productSales,productSize,userClientShow,userLevelName
7407,7407,HUAWEI Mate 9 Pro,一直在京东购物 相信京东的品质！,5,2018-02-05 23:08:02,j***n,摩卡金,标准版,128GB,来自京东iPhone客户端,PLUS会员
7408,7408,HUAWEI Mate 9 Pro,用过一段时间了，非常满意，支持国产。,5,2018-02-05 22:55:27,j***x,摩卡金,标准版,128GB,来自京东Android客户端,金牌会员
7409,7409,HUAWEI Mate 9 Pro,用了快两周了，还不错，好评，支持国货！,5,2018-02-05 22:29:46,t***6,香槟金,标准版,128GB,,金牌会员
7410,7410,HUAWEI Mate 9 Pro,送货速度一如既往的快，一下买了三台,5,2018-02-05 20:49:48,风***家,陶瓷白,标准版,64GB,来自京东Android客户端,PLUS会员
7411,7411,HUAWEI Mate 9 Pro,好像耳机有点问题，喇叭声音有点沙，其他还好,5,2018-02-05 20:47:09,追***土,摩卡金,标准版,128GB,来自京东Android客户端,PLUS会员
7412,7412,HUAWEI Mate 9 Pro,给姐姐买的，刚开始说网速慢，经测试，应该是网的问题，跟手机无关，快速好用，全家在我带领下，一水的华为。,5,2018-02-05 20:28:01,V***n,陶瓷白,标准版,64GB,来自京东Android客户端,PLUS会员
7413,7413,HUAWEI Mate 9 Pro,帮朋友买的，不错,5,2018-02-05 17:22:56,s***6,陶瓷白,标准版,64GB,来自京东Android客户端,PLUS会员
7414,7414,HUAWEI Mate 9 Pro,用了段时间，感谢还行，不过有时候会卡住几秒没反应，还有就是发票问题，是纸质性发票变成电子发票感觉有些怪怪的。,5,2018-02-05 17:11:08,卓***騰,摩卡金,标准版,128GB,来自京东Android客户端,钻石会员
7415,7415,HUAWEI Mate 9 Pro,还是不错的手机，运行比较流畅，现在这个价格性价比还可以的。,5,2018-02-05 20:26:07,j***7,苍穹灰,移动4G+版,32GB,来自京东Android客户端,银牌会员
7416,7416,HUAWEI Mate 9 Pro,性价比很高，这样的价能买到这质量非常不错。,5,2018-02-05 16:59:47,4***8,陶瓷白,标准版,64GB,来自京东Android客户端,PLUS会员
7417,7417,HUAWEI Mate 9 Pro,给老爸买了一个用着不错又给老妈买了一个,5,2018-02-05 16:57:24,晨***曜,香槟金,标准版,128GB,来自京东iPhone客户端,PLUS会员
7418,7418,HUAWEI Mate 9 Pro,还可以，刚用了几天。。。,5,2018-02-05 16:28:29,s***m,香槟金,标准版,128GB,来自京东Android客户端,钻石会员
7419,7419,HUAWEI Mate 9 Pro,京东的物流确实很快隔天就收到了！用了一个多月打游戏看视频都挺好。,5,2018-02-05 12:48:35,j***1,托帕蓝,标准版,64GB,来自京东Android客户端,钻石会员
7420,7420,HUAWEI Mate 9 Pro,应用了二个月了，才来评价。质量非常好，支持国货，再也不用苹果了。美国佬抵制我们的产品，我辈应当奋起抵制美国货以牙还牙。加油！华为。,5,2018-02-05 11:58:15,唐***鸭,摩卡金,标准版,128GB,,金牌会员
7421,7421,HUAWEI Mate 9 Pro,经典手机 支持国货,5,2018-02-05 11:30:38,n***7,月光银,标准版,32GB,来自京东Android客户端,金牌会员
7422,7422,HUAWEI Mate 9 Pro,华为手机不错，值得信赖,5,2018-02-05 19:54:15,C***克,陶瓷白,标准版,64GB,来自京东iPhone客户端,PLUS会员
7423,7423,HUAWEI Mate 9 Pro,手机很好看，手感好，速度快、流畅，大气。,5,2018-02-05 15:34:20,w***4,陶瓷白,标准版,64GB,,金牌会员
7424,7424,HUAWEI Mate 9 Pro,一直在用华为的手机，搞活动买的很划算,5,2018-02-05 10:57:19,j***b,苍穹灰,移动4G+版,32GB,来自京东Android客户端,金牌会员
7425,7425,HUAWEI Mate 9 Pro,第一感就是包装很精美，手机拿在手里，金属感十足。充电器数据线的设计也都是霸气十足，耳机的音质也是非常美的。运行速度也是丝毫不卡顿，玩游戏更是流畅的没的说。,5,2018-02-05 10:54:03,片***忆,香槟金,标准版,128GB,,PLUS会员
7426,7426,HUAWEI Mate 9 Pro,续航没毛病 能用一天  而且很流畅 拍照没怎么用,5,2018-02-05 10:19:53,鳓***思,陶瓷白,标准版,64GB,来自京东iPhone客户端,金牌会员
7427,7427,HUAWEI Mate 9 Pro,好！！,5,2018-02-05 09:21:31,j***z,陶瓷白,标准版,64GB,来自京东Android客户端,钻石会员
7428,7428,HUAWEI Mate 9 Pro,华为的旗舰机器，虽然是去年上市的，还是很给力啊。,5,2018-02-05 09:19:33,邹***贝,香槟金,标准版,128GB,,PLUS会员
7429,7429,HUAWEI Mate 9 Pro,一如既往的好加油京东快,5,2018-02-05 01:18:32,j***晨,陶瓷白,标准版,64GB,来自京东Android客户端,PLUS会员
7430,7430,HUAWEI Mate 9 Pro,此用户未及时评价，系统默认好评。,5,2018-02-05 00:29:08,敷***着,摩卡金,标准版,64GB,来自京东Android客户端,银牌会员
7431,7431,HUAWEI Mate 9 Pro,晚上下单，第二天中午到，京东自营真心快，外包装完好，正品,5,2018-02-04 23:10:43,l***h,香槟金,标准版,128GB,来自微信购物,金牌会员
7432,7432,HUAWEI Mate 9 Pro,很好，很满意。信赖华为。,5,2018-02-04 21:50:12,w***7,陶瓷白,标准版,64GB,来自京东Android客户端,金牌会员
7433,7433,HUAWEI Mate 9 Pro,推荐好物，各方面都很满意,5,2018-02-04 21:42:09,x***4,香槟金,标准版,128GB,来自京东Android客户端,钻石会员
7434,7434,HUAWEI Mate 9 Pro,华为手机很好，照相很清晰,5,2018-02-05 19:19:00,风***自,摩卡金,标准版,128GB,来自京东Android客户端,钻石会员
7435,7435,HUAWEI Mate 9 Pro,外观很好，老公送我的，收到后还是很喜欢的，速度快很多,5,2018-02-05 19:12:54,j***宋,玛瑙红,标准版,64GB,来自京东Android客户端,钻石会员
7436,7436,HUAWEI Mate 9 Pro,不好用，感觉不是正品,5,2018-02-05 15:32:40,j***7,香槟金,标准版,128GB,来自京东Android客户端,银牌会员
7437,7437,HUAWEI Mate 9 Pro,蛮好滴。质量杠杠的，送货上门方便的，买了几次华为手机了，下次还会再来的。。。就是这个手机壳一般，手机壳黑的没有银色好。,5,2018-02-05 15:31:24,j***1,黑色,标准版,128GB,来自京东Android客户端,PLUS会员
7438,7438,HUAWEI Mate 9 Pro,反应速度非常快性价比非常高，手机很漂亮，手的手感很好！拍照非常好看夜景也很清晰！真心喜欢,5,2018-02-05 13:11:35,z***3,苍穹灰,移动4G+版,32GB,来自微信购物,钻石会员
7439,7439,HUAWEI Mate 9 Pro,超级棒,5,2018-02-05 13:00:19,j***2,月光银,移动4G+版,32GB,来自京东Android客户端,银牌会员
7440,7440,HUAWEI Mate 9 Pro,很好的手机，速度很快！,5,2018-02-05 10:12:35,章***o,陶瓷白,标准版,128GB,来自京东Android客户端,钻石会员
7441,7441,HUAWEI Mate 9 Pro,第一天晚上下单第二天上午送达京东物流的速度就是快，手机很好，屏幕很棒运行速度非常快流畅，可以用很长一段时间，不用再换手机了。,5,2018-02-05 10:11:45,j***5,摩卡金,标准版,128GB,来自京东iPhone客户端,PLUS会员
7442,7442,HUAWEI Mate 9 Pro,拍照比较清晰，电池一般吧，正常使用2天充一次电,5,2018-02-04 20:52:50,y***2,苍穹灰,移动4G+版,32GB,来自京东Android客户端,金牌会员
7443,7443,HUAWEI Mate 9 Pro,老爸很喜欢,5,2018-02-05 09:56:55,S***z,摩卡金,标准版,128GB,来自京东iPhone客户端,钻石会员
7444,7444,HUAWEI Mate 9 Pro,这是我买的第二部meta9手机，运行流畅，很有范,5,2018-02-05 09:36:01,r***i,香槟金,标准版,128GB,来自京东Android客户端,PLUS会员
7445,7445,HUAWEI Mate 9 Pro,产品值得信赖，做工精细！,5,2018-02-04 20:51:27,w***h,香槟金,标准版,128GB,来自京东Android客户端,钻石会员
7446,7446,HUAWEI Mate 9 Pro,物美价廉,5,2018-02-04 20:33:22,梦***8,香槟金,标准版,128GB,来自京东Android客户端,金牌会员
7447,7447,HUAWEI Mate 9 Pro,等了十多天，终于到货了，本来想一星的，后来想一想，还是事实求是吧！反应快，确实挺不错的，等的太久了，还是一星把,1,2017-03-29 00:05:22,j***1,琥珀金,,64GB,来自京东iPhone客户端,PLUS会员
7448,7448,HUAWEI Mate 9 Pro,用了几天，发现接电话挂断会死机，有时候死机时间过长会黑屏重启。,1,2017-03-28 18:31:31,z***8,琥珀金,,128GB,来自京东Android客户端,PLUS会员
7449,7449,HUAWEI Mate 9 Pro,一个纸箱，里面放着手机盒子，还有一个尺寸不相应的充气塑料袋，手机盒子在纸箱里活动的空间挺大。如此贵重的东西，就这样草草的打包不合适吧？开箱后，能看到手机正面左侧中部，有一处明显的指纹（见照片）。我敢断定此手机绝非全新，因为我不相信华为全新出厂的手机上会留有指纹。我没有心思再进一步查看手机，花**元，我决不容忍接到一个二手的东西！立马申请退货，目前正在审理中。在京东购物多年，今天的事情让我对京东感到失望，我还能相信你吗？另外，在手机的包装盒上有一个不干胶贴，写着&ldquo;如浮现JD字样，请务必开箱验货&rdquo;，不知何意。,1,2017-03-28 15:38:00,天涯何处无枯草,银钻灰,,128GB,,PLUS会员
7450,7450,HUAWEI Mate 9 Pro,不想说，星全部给配送员的，至于华为算了吧！,1,2017-03-28 13:15:50,p***G,银钻灰,,128GB,来自京东Android客户端,金牌会员
7451,7451,HUAWEI Mate 9 Pro,手机用着挺棒，但是营销模式我给你负分，你真的作死。京东的包装也是垃圾，包装里连个泡沫都不垫，手机盒都磕坏了。,1,2017-03-28 12:08:36,H***y,琥珀金,,128GB,来自京东Android客户端,银牌会员
7452,7452,HUAWEI Mate 9 Pro,信号不好，同样的卡在同一个地方，别人的都有信号，就这破手机没信号，啥玩意啊,1,2017-03-27 17:00:52,李***2,琥珀金,,128GB套装版,来自京东Android客户端,钻石会员
7453,7453,HUAWEI Mate 9 Pro,曲屏呢？华为的曲屏就是这样子的吗？与网站看到的图片完全不一样，华为xu jia 广告，要求退货！,1,2017-03-26 20:36:33,y***5,琥珀金,,128GB,来自微信购物,金牌会员
7454,7454,HUAWEI Mate 9 Pro,15号O点下单26号下午收到，这速度&hellip;&hellip;&hellip;&hellip;&hellip;&hellip;&hellip;&hellip;,1,2017-03-26 18:18:27,y***N,琥珀金,,64GB,来自京东Android客户端,PLUS会员
7455,7455,HUAWEI Mate 9 Pro,"产品不好用，太贵,想超苹果手机还有不小距离",1,2017-03-26 13:57:35,1***0,琥珀金,,128GB,来自京东Android客户端,PLUS会员
7456,7456,HUAWEI Mate 9 Pro,不怎么好，毕竟是国产机，烂货，哈皮产品，日龙包，哈麻批,1,2017-03-25 16:56:22,k***C,银钻灰,,128GB,,PLUS会员
7457,7457,HUAWEI Mate 9 Pro,"优点，手机好看，拍照清晰，速度很快
缺点，屏幕触屏不灵敏，（没有贴膜的情况也是如此）屏幕上方有两三毫米无法触屏，（如图）还有一圈黑边。价格太贵，一点不值这个价格，如果不是因为买了第二天就出差没带单子和包装早就退货了。",1,2017-03-25 13:19:44,士***v,琥珀金,,128GB,来自京东Android客户端,钻石会员
7458,7458,HUAWEI Mate 9 Pro,"好不容易抢到的mate9 pro,居然等了9天才收到！！最开始客服说7天能发出，一周后问客服居然回复不确定时间。今天收到却发现mate9 pro的一个大bug，华为居然直接阉割了联通的通话上网功能。也就是说通话的时候不能在上网。我知道电信移动不行，所以当时为了网络用了联通卡。华为居然阉割联通的这么牛B的上网功能我也是醉了。所以必须给一星，后面买的小伙伴注意了。",1,2017-03-23 17:22:42,昊***涵,银钻灰,,128GB,,PLUS会员
7459,7459,HUAWEI Mate 9 Pro,京东是越来越让人失望了。首先无货商品照样上架销售。在页面没有任何提示延期发货或预售产品的情况下，5号下的订单，活生生到11号才发货。过程中多次联系客服询问，答复均是页面延时。我想问，你们京东这是要忽悠鬼吗？看下评论，都是抱怨等太久的，你们瞎了？也有华为缺货不怪京东的，我想说，没货你直营上架摆什么谱呢？怪得着华为嘛！好吧，你说你没货多卖了，真页面延时了，什么时候有货发总能告知个大概吧！人京东的答复死活就是不知道，而且货到以后还得根据下单先后顺序发，所以何时能收到也是未知数。所以解决方案就两个，要么等，要么补50元退货买别的！和着这卖空的量还不少，空手套白狼就你家强吧！后来实在忍无可忍，客服来电时直接答复，退是不可能了，这种属于违约的行为要坚决通过第三方投诉。10号还在扯皮没有货，11号就接到京东电话告知，12日能送达。（太大的可能就是碰上315怕投诉起了作用）我想说，我是下单第一名？然后，12日收到了手机。盒子里没有发票！当下没及时与京东沟通，确实是自己疏忽，隔了一周时间，京东告知，发票三日内不反馈问题就无法再开。好的，我会继续查询相关法规，坚决将京东这种蛮横无理，店大欺客的做法投诉到底,1,2017-03-21 14:14:15,j***l,琥珀金,,64GB,来自京东iPhone客户端,金牌会员
7460,7460,HUAWEI Mate 9 Pro,我承认我后悔 我发贱了 我应该去实体店看一眼  我要的是曲屏 曲屏 在哪里了？我只能说图片和实物严重不符  拿灯光角度来欺骗消费者吗？,1,2017-03-21 13:55:01,天九风,琥珀金,,128GB,来自京东Android客户端,PLUS会员
7461,7461,HUAWEI Mate 9 Pro,手机屏犯卡，这个价位不应该有,1,2017-03-20 21:46:59,1***c,玫瑰金,,64GB,来自京东Android客户端,钻石会员
7462,7462,HUAWEI Mate 9 Pro,难抢 伤透了花粉的心 不买华为不爱国,1,2017-03-20 13:00:38,从今以后i,琥珀金,,128GB,来自京东Android客户端,钻石会员
7463,7463,HUAWEI Mate 9 Pro,难抢 伤透了花粉的心 不买华为不爱国,1,2017-03-20 13:00:26,从今以后i,银钻灰,,64GB,来自京东Android客户端,钻石会员
7464,7464,HUAWEI Mate 9 Pro,手机很好，买给妈的很喜欢。非常不满意的是我5号买下了，到了18号才发货了，而且15号还在搞促销活动，你没货搞什么搞，这不是欺骗消费者吗，第一次对京东失望,1,2017-03-19 23:26:28,豪***乐,琥珀金,,64GB,来自京东iPhone客户端,钻石会员
7465,7465,HUAWEI Mate 9 Pro,给我的线有可能是仿的不是原装线。明天拿去测试。假的就告你,1,2017-03-19 21:48:45,Q***D,琥珀金,,128GB,来自微信购物,金牌会员
7466,7466,HUAWEI Mate 9 Pro,我也是醉了 看着包装，把手机盒子上弄得都是小坑，这是手机啊，运输竟然那么随意，严重影响心情,1,2017-03-19 14:22:11,奔***f,琥珀金,,128GB,来自京东Android客户端,PLUS会员
7467,7467,HUAWEI Mate 9 Pro,从苹果进的华为，上一个手机是mate7，反应速度已经无法忍受，后置指纹也一直无爱，已经准备放弃华为的时候mate9pro出现了，抱着支持国产和再上最后一次当的&lsquo;&lsquo;贱人&rsquo;&rsquo;心态入的手，用了3周多，感觉很不错，外形、速度都满意，是我想要的，华为还是有希望的。要吐槽的是饥饿营销手段，真真不喜欢，还有京东也助纣为虐，弄个套餐加价400，挺caodan的&hellip;&hellip;所以&hellip;一分收下吧,1,2017-03-18 19:10:10,j***6,琥珀金,,128GB套装版,来自京东Android客户端,PLUS会员
7468,7468,HUAWEI Mate 9 Pro,"一般般，就包装而言简直是醉了～
*块钱的手机那么破的包装，严重怀疑是否全新。",1,2017-03-18 16:11:57,谢***字,琥珀金,,64GB,来自京东Android客户端,金牌会员
7469,7469,HUAWEI Mate 9 Pro,这是一款牛逼的手机，外观美，反应快，各种性能都很赞，唯一不好的是，设置了锁屏密码，你是没办法用正确的密码进去的。重启开机，密码没用，变砖了。申请退货,1,2017-03-18 01:04:08,j***p,琥珀金,,128GB,来自微信购物,金牌会员
7470,7470,HUAWEI Mate 9 Pro,京东就这包装送5299的手机？手机盒子多处磕碰挤压变形，手机表面浮灰感觉是别的地方的退换货二次销售的,1,2017-03-18 00:06:43,中***帝,琥珀金,,128GB,来自京东iPhone客户端,金牌会员
7471,7471,HUAWEI Mate 9 Pro,半月不到，充电线就坏了，售后说要检测，交流太累，一根充电线不需要这么麻烦了，用这个时间去检测，充电线应可以买几根了吧，差评,1,2017-03-09 22:28:23,j***z,琥珀金,,128GB套装版,来自京东Android客户端,PLUS会员
7472,7472,HUAWEI Mate 9 Pro,就是不满意京东,1,2017-03-08 00:31:34,1***5,琥珀金,,64GB,来自京东Android客户端,钻石会员
7473,7473,HUAWEI Mate 9 Pro,机子用了好几天了，说实话挺好用的，拍照效果比某果好，外观也不错。但对这种营销方式非常反感，抢了两个月，浪费多少时间？相信没消费者喜欢这种营销方式，除了黄牛党。京东的物流很快,1,2017-03-07 23:24:29,t***3,琥珀金,,128GB,来自京东Android客户端,钻石会员
7474,7474,HUAWEI Mate 9 Pro,"这个手机很不错，充电快，充电到百分之七八十速度快，80以后就要冲一个小时都不满。
然后一天上着网，想靠这个手机一次性续航一整天的朋友就不用考虑了。
系统确实反应很快，处理器系统都不错这是真的。
然后我买到了官方返修机。好坏都有，大家自己要不要买了",1,2017-03-06 23:45:47,m***y,玫瑰金,,64GB,来自京东Android客户端,PLUS会员
7475,7475,HUAWEI Mate 9 Pro,给华为客服联系描述手机充电出现的问题，初步确认充电插头有问题，申请退货，京东取回自检，现在已经全额退款。重新购买新的该款手机评价里已经详细描述充电线插头问题。,1,2017-03-06 09:44:03,z***y,琥珀金,,128GB套装版,来自京东Android客户端,PLUS会员
7476,7476,HUAWEI Mate 9 Pro,在京东购物多年，从来没给过差评，而这次实在忍无可忍，暗自下定决心非得买到手机来好好吐槽一番不可；明明有货就是不放量，学华为饥饿营销：下作！高配低价的手机你们这样做也就算了，你Y的性价比不突出的手机你也这样弄来消费欲购买者的热情：无耻！最后，好自为之吧 华为,1,2017-03-05 00:04:30,w***1,琥珀金,,128GB,来自京东iPhone客户端,钻石会员
7477,7477,HUAWEI Mate 9 Pro,华为的营销该死，特别是华为的那个什么东的这种营销模式是在为华为送死！,1,2017-03-04 15:42:22,l***n,玫瑰金,,128GB,,PLUS会员
7478,7478,HUAWEI Mate 9 Pro,总体感觉不咋地！！有点?失望?京东包装太差！再说手机一打开手机有灰尘不知道是打开过还是就这样！！里面的耳机?简直就是垃圾中的垃圾五千多的手机就塔玛德这耳机我也是醉了！！！！再说手机做工简直没法说了除了缝隙就是缝隙无语了！！！？,1,2017-03-16 23:34:47,w***i,琥珀金,,128GB,来自京东Android客户端,金牌会员
7479,7479,HUAWEI Mate 9 Pro,垃圾垃圾，还要抢。。。。。。。。。。,1,2017-03-16 22:38:27,a***s,银钻灰,,64GB,,PLUS会员
7480,7480,HUAWEI Mate 9 Pro,手机是抱着支持国产的想法换的。先不说手机如何。华为你把手机给京东卖没错。但是你就不知道附加一个条件送货要顺丰不要他们自己的快递么？*死在假货你京东早晚毁在你快递上面,1,2017-03-16 17:14:04,a***2,琥珀金,,64GB,来自京东iPhone客户端,金牌会员
7481,7481,HUAWEI Mate 9 Pro,贵了400我去。。。。很不爽。。。。。。。。。。垃圾。。。。。。,1,2017-03-15 18:22:27,j***x,琥珀金,,128GB套装版,来自京东Android客户端,PLUS会员
7482,7482,HUAWEI Mate 9 Pro,垃圾 华为的都是垃圾,1,2017-03-15 16:19:49,蜗***牛,玫瑰金,,64GB,,PLUS会员
7483,7483,HUAWEI Mate 9 Pro,一周才发货，没货弄什么抢购，屏幕触摸不灵敏，有时候点半天没用，不知道是屏幕问题还是就这样的，华为飘了，,1,2017-03-14 08:45:53,j***2,琥珀金,,64GB,,钻石会员
7484,7484,HUAWEI Mate 9 Pro,"这个差评是给华为的，一是这样的价格的手机充电线和充电器做的这么差，二是让人非常反感的抢购。

这个差评绝对不是给京东的，京东的服务一直非常好。

退过一次货，又重新购买的。退货的手机是充电线有20%以上不能完全插入手机，并且充电时摇晃，开始充电就在超级快充和充电之间不停切换。

重新买这个接口充电线5%左右不能完全插入手机接口，充电器和充电线的接口也是同样。华为你看看别的品牌，甚至1000元的手机接口也是你这么粗糙吗？？？",1,2017-03-03 15:26:29,z***y,琥珀金,,128GB,来自京东Android客户端,PLUS会员
7485,7485,HUAWEI Mate 9 Pro,买了一个月不到音量键和电源键就明显下陷，返到京东售后说是没问题，还让我自己拿到华为特约维修点去检测，你们京东售后不具备检测能力吗?四千七的高端旗舰机就是这样的质量吗？对京东产品货源的正规性表示怀疑，越发相信*（还不让我打这三个字）的存在了，客服和售后处理不力给购买造成很不好的体验。,1,2017-03-03 08:47:41,易***佳,琥珀金,,64GB,来自京东Android客户端,PLUS会员
7486,7486,HUAWEI Mate 9 Pro,想买的别买了，这手机很差，断触，百度看个图片放大后卡的一逼。,1,2017-03-03 01:01:58,j***4,琥珀金,,128GB套装版,来自京东Android客户端,PLUS会员
7487,7487,HUAWEI Mate 9 Pro,还不错，很好。不是想象中的样子，原价出手，需要的老,1,2017-03-02 20:08:37,J***2,琥珀金,,64GB,来自京东Android客户端,钻石会员
7488,7488,HUAWEI Mate 9 Pro,苦等好几个月都没货，P10一发布，Mate 9 Pro就有货，想骂人,1,2017-02-28 15:56:17,菲***儿,琥珀金,,64GB,来自京东iPhone客户端,钻石会员
7489,7489,HUAWEI Mate 9 Pro,一万个差评！！！采购13台净化器，其中两台面板有裂痕，因为是年会礼品收到货没有拆箱，跟京东交涉时京东客服一口一个&ldquo;已经过了七天，我帮不到你呐，不能退换&rdquo;，*！！！问了下售后维修，换个面板也就*元的事！！！你妹啊！京东为了这点钱长期大客户也不照顾！！！以后还会继续在京东购物，只为了给京东差评！！！！！！！！！！！！,1,2017-02-27 15:49:25,杨***丑,琥珀金,,128GB,,PLUS会员
7490,7490,HUAWEI Mate 9 Pro,东西不错，就是京东加价，不能忍，即使到手了，还是不能忍，想当年老毛时代，投机倒把可是要抓起来的,1,2017-02-27 08:32:08,雨***伞,琥珀金,,128GB套装版,,PLUS会员
7491,7491,HUAWEI Mate 9 Pro,加价可耻！！！！,1,2017-02-27 08:19:33,相***桥,琥珀金,,128GB套装版,来自京东Android客户端,PLUS会员
7492,7492,HUAWEI Mate 9 Pro,抢手机太耗时间了，手机可以，声音有点空旷,1,2017-02-25 21:53:23,F***n,琥珀金,,128GB,来自微信购物,银牌会员
7493,7493,HUAWEI Mate 9 Pro,手机不错，京东自营当黄牛，让人看不起。,1,2017-02-25 08:09:41,y***h,琥珀金,,128GB套装版,来自京东Android客户端,PLUS会员
7494,7494,HUAWEI Mate 9 Pro,很不满意,1,2017-02-24 21:35:10,毗***佛,琥珀金,,128GB套装版,来自京东Android客户端,钻石会员
7495,7495,HUAWEI Mate 9 Pro,东西不错，抢够恶心，更恶心的是捆绑销售碎屏险,1,2017-02-22 14:51:49,大***山,琥珀金,,128GB套装版,,PLUS会员
7496,7496,HUAWEI Mate 9 Pro,套装贵四.百不爽.图片与实物不一样我说的是曲屏.总感觉被耍了，我说的是真的.实体店看的时候都很曲.我是不是买了个假手机.拍照还在研究.音质感觉比不上水果六.插耳机没水果六听的舒服.安卓流畅度还有续航华为不错.系统还没升级听吧里面说最新的不行，观望当中，不要说我喷我说的事实，,1,2017-02-21 21:58:37,j***7,琥珀金,,128GB套装版,来自京东iPhone客户端,PLUS会员
7497,7497,HUAWEI Mate 9 Pro,手机还行！就是套装太让人不爽了！,1,2017-02-21 11:43:27,一米阳光w21,琥珀金,,128GB套装版,来自京东Android客户端,金牌会员
7498,7498,HUAWEI Mate 9 Pro,差评，这是给华为营销团队的，说实在的手机不错，我买下这个手机是带了四百碎屏险的，贵点不是大毛病，我给差评是你们的饥饿营销方式，你们是养黄牛的吗？京东还是有点良心的加价卖而已，不过为什么2台2台的卖，你们在干什么？华为早晚被你们猪一样的队友害死,1,2017-02-24 16:02:46,威***哥,琥珀金,,128GB套装版,来自京东Android客户端,金牌会员
7499,7499,HUAWEI Mate 9 Pro,专门来骂这破B营销手段的   华为你是开始嘚瑟了   小心翻船,1,2017-02-24 00:30:25,到***行,琥珀金,,128GB套装版,来自京东iPhone客户端,PLUS会员
7500,7500,HUAWEI Mate 9 Pro,这个差评给华为的，两个多月matepro这点产能，说手机不赚钱，就余承东这点水平手机还想赚钱，pro这么好卖两个多月还要加价一千，两个多月还不放开供应，要不是京东搞了个套餐加四百，我都打算去别家加价900块，不要跟我说官网，我18号还在官网实名认证抢购，10点08开始，到下午三点多还显示有货，但就是下不了单，我是彻底死心。mate7你说没有预料那么火爆我当时加价四百，我原谅你，mate8说产能不足，我也是加价四百，我原谅你。到mate9 pro灰色加价2000，别把人当傻瓜好吗。5299的手机不便宜啊，还要抢。我自己感觉都要由粉转黑了，任总说说要以客户需求为中心，终端手机的余承东打算把华为手机耍猴当成终身事业。手机估计都给关系户了，华为手机的内部已经腐烂了，怪不得说没钱赚。一部手机销售生命也就一年，两个多月还无法敞开供应，内部有问题了。还有那部荣耀magic更搞笑，销量**就七十多台，官网也就几百台，这种手机为毛要卖？小米的饥饿营销换来了什么？这是个什么年代，华为你有资格饥饿营销吗？我在花粉俱乐部给禁言了。我想现在的华为已经不需要我们支持了，华为需要黄牛的支持。,1,2017-02-20 22:09:58,l***3,琥珀金,,128GB套装版,来自京东Android客户端,钻石会员
7501,7501,HUAWEI Mate 9 Pro,不咋地，服务态度差，手机反应不灵活,1,2017-02-20 15:14:07,j***日,琥珀金,,128GB套装版,来自京东Android客户端,银牌会员
7502,7502,HUAWEI Mate 9 Pro,"让人等的太久了,我给低分就是给众多没有拿到机器的朋友抱不平,马上p10要上,估计还是一个德行.华为已经做的很好了,能不能花点钱,多租点生产线????
秀一下战绩.都是京东买的,缺货和京东也没大关系.可能这几天货开始多起来了,不过灰色pro我还是没有看到!",1,2017-02-15 12:43:44,陈***桥,琥珀金,,128GB,来自京东Android客户端,PLUS会员
7503,7503,HUAWEI Mate 9 Pro,好好好好好好好好,1,2017-02-04 15:11:04,景***席,玫瑰金,,128GB,来自京东Android客户端,钻石会员
7504,7504,HUAWEI Mate 9 Pro,垃圾废物垃圾废物黑我的号垃圾手机垃圾黑我的号黑号号号,1,2017-01-18 00:59:49,联***1,琥珀金,,128GB,来自京东Android客户端,钻石会员
7505,7505,HUAWEI Mate 9 Pro,历经30天，上午终于到手。手机相当有水准，质感、做工、系统都还不错，给你差评，无关手机。主要是你的销售模式和服务。这种抢购的把戏现在玩还有意思吗？别总说热销商品，需求量大，为了平等而抢购，作为全球最大的通信设备商，你产量上不去？你这是在透支花粉的 情感，失去花粉支持，余大嘴2018想成为第一？看看水果的产量，三星的产量，人家S8在4月份上市，现在已经定了一千万产量。你难道是做一台卖一台？作为四年来一直使用华为的用户，从首发开始一直抢了15天，毛都没见到，失望之极，准备转投其它阵营时，得到了一个到货自动下单，可是，一周过去了，不但没给我下单，还通知我到货让我抢购，顿时感觉被戏耍了。联系华为客服，解释是自己是参数客服，这个不大清楚，好吧，这个可以原谅。联系京东客服，就有点说不过去了，开始亲热的很，一问问题就反应迟钝了。压根就不正面回答问题，让人很不满意。所以下定决心，一定要抢到手，亲自来给你个差评。最后想说的是，一部手机而已，没必要太当真，可选择的很多，华为还是以用户为重吧。没货就别卖，要卖就备足货。别搞些花花肠子。有句话叫NO ZUO NO DIE.这可是有前车之鉴啊。,1,2017-01-13 21:04:55,p***y,琥珀金,,128GB,,PLUS会员
7506,7506,HUAWEI Mate 9 Pro,样子好看 指纹解锁很快 不知道是不是因为贴钢化膜 屏幕按键特别不灵 有时使劲按都没反应 急死我了 我原来的手机从没有这个问题,3,2017-03-31 09:35:35,j***5,琥珀金,,128GB,来自京东Android客户端,PLUS会员
7507,7507,HUAWEI Mate 9 Pro,支持国货。。。。已经两台了,3,2017-03-29 22:09:13,w***6,银钻灰,,128GB,来自京东Android客户端,PLUS会员
7508,7508,HUAWEI Mate 9 Pro,"先发发牢骚，不定时有货，就不能一天一个样？可能十分钟前没货，十分钟后就有了，华为现在一台一台做手机了？还是京东一台一台分开运输？京东25000点的黄金会员，白条消费也不低于5000块，现在白条额度3400块左右，买手机都不能白条，朋友消费和我差不多，在*都1万1的花呗了！！！
说说手机吧，如果不是韩国货，我这次就选择s7e了，优点不多说，去体验店把玩就明白了。作为一个华为4年的忠实用户，为自己和家里买过p6s，mate7，两台mate s，荣耀6x，麦芒4。这次的mate9pro是为了自己替换mate s，去华为官方实体店玩过p9，p10，mate9，mate9pro之后，选择了比较顺手的pro，作为一个看着华为做到今天的人，我认为这机子4000块是最合适的价格，4500的话买6+128比较理想。然而习惯买华为的我只有妥协花了5300块大洋。系统和功能不多说，其实安卓都差不多，这次取消双击屏幕点亮屏幕，是个很大的失误。
华为在走一条违背当初的路，越来越没有吸引力，越来越没有姓价比。不要让消费者为你们的无耻买单，还有比华为好用的品牌。三颗星，两颗星给外观，一颗星给京东送货员",3,2017-03-29 15:22:17,小***帅,银钻灰,,128GB,来自京东Android客户端,PLUS会员
7509,7509,HUAWEI Mate 9 Pro,一边用导航一直在充电怎么充不到，还是充的慢？自动关机都不知道，还是续航呢！,3,2017-03-29 09:43:49,游***0,琥珀金,,128GB,来自微信购物,金牌会员
7510,7510,HUAWEI Mate 9 Pro,手机看着确实可以，国产机皇。但感觉这个曲面屏幕的弧度太小了，感觉跟直屏差不多，系统运行也还流畅。,3,2017-03-28 22:43:28,俊***7,琥珀金,,64GB,来自京东Android客户端,金牌会员
7511,7511,HUAWEI Mate 9 Pro,"拍下无货，12天后才发，无货就不要让人拍到啊！
不要搞骗人的把戏！",3,2017-03-26 12:13:06,r***j,银钻灰,,128GB,来自京东Android客户端,PLUS会员
7512,7512,HUAWEI Mate 9 Pro,用了不到俩月，系统不稳定。一般。,3,2017-03-25 17:10:51,于***鱼,琥珀金,,128GB套装版,来自京东Android客户端,PLUS会员
7513,7513,HUAWEI Mate 9 Pro,"手机收到了
耍了几把游戏，还是卡，视频播放也不流畅
外观还是很漂亮
还有华为商城老是出现",3,2017-03-25 12:56:55,辰***c,琥珀金,,128GB,来自京东Android客户端,金牌会员
7514,7514,HUAWEI Mate 9 Pro,使用体验非常一般，并不如传说中那么好，内里还是不如苹果，该快的时候不快该慢的时候不慢，打电话的时候还会拨出其它电话去，很多槽点。,3,2017-03-24 20:30:59,A***g,琥珀金,,128GB,来自京东Android客户端,金牌会员
7515,7515,HUAWEI Mate 9 Pro,发货时间太慢，3月5日下的单，26日才收到，中间状态为正在采购，很是郁闷。但是手机很好。,2,2017-03-28 12:56:28,a***e,银钻灰,,128GB,,钻石会员
7516,7516,HUAWEI Mate 9 Pro,手机一般般，4699的手机也算高端机了，我是3月15号买的，3月25号才给我发货。这双摄的莱卡真的是渣，拍照很一般，手机很薄但是用上几分钟就会热。,2,2017-03-28 07:57:31,刘***爹,琥珀金,,64GB,来自京东Android客户端,金牌会员
7517,7517,HUAWEI Mate 9 Pro,反应迟钝，就是电池耐用点而已，卡机是正常现象，我都无语了，四千多块钱的就这种机子，用了一个星期才来评价的哦！真不敢相信,2,2017-03-22 22:57:30,石***琦,琥珀金,,64GB,来自京东Android客户端,金牌会员
7518,7518,HUAWEI Mate 9 Pro,很大很大的黑边。。。。。,3,2017-03-22 21:46:33,穷***帅,银钻灰,,128GB,来自京东Android客户端,PLUS会员
7519,7519,HUAWEI Mate 9 Pro,说实话，要不是最近韩国小鬼子瞎得瑟，就去买大降价的S7 EDGE，肯定不买华为了，越来越贵，性价比超低的一款手机。这个机器，3000-3500还是可以得，4699太贵。,3,2017-03-20 10:44:26,j***t,玫瑰金,,64GB,,钻石会员
7520,7520,HUAWEI Mate 9 Pro,"第一，打开包装，机器表面有灰尘，有指印，新旧机器不好说，不像原包装。
第二，通话记录中有个12599的通话记录，还有录音。不知道什么意思:。
第三，买的时候显示最后一台，买完就缺货了，付款完后一会儿，就显示有货了，真巧。
虽然我没准备退货:，但买的心里也不是很舒服。",3,2017-03-27 15:21:05,龙***双,琥珀金,,128GB,来自京东Android客户端,金牌会员
7521,7521,HUAWEI Mate 9 Pro,哎 这包装也没谁了，,2,2017-03-26 21:17:15,j***t,琥珀金,,128GB,来自京东Android客户端,金牌会员
7522,7522,HUAWEI Mate 9 Pro,没有很大的曲面效果，旁边触屏也不是很灵敏！系统反应很快很给力！,3,2017-03-22 14:40:09,j***x,琥珀金,,128GB套装版,来自京东Android客户端,金牌会员
7523,7523,HUAWEI Mate 9 Pro,听歌音质不好,2,2017-03-17 10:27:13,刘***1,琥珀金,,128GB,,钻石会员
7524,7524,HUAWEI Mate 9 Pro,"上一部手机是华为Mate S，这部Mate9 Pro的包装和Mate S比，精致程度大幅退步，简陋粗糙了不少，而且附件也比Mate S有倒退，很没有诚意。
手机的做工方面，仔细对比后，发现这款旗舰机的做工真的没有在Mate S之上。
性能方面，肯定是比Mate S强多了。
不过总体而言，这部手机没有诚意，价格水分大。",2,2017-03-16 23:27:10,s***i,琥珀金,,128GB套装版,,PLUS会员
7525,7525,HUAWEI Mate 9 Pro,手机可以，就是京东这包装啊，能不能用点心呀，就一个盒子，里面啥都不塞点，手机在里面晃呀晃～好歹也是几大千块钱的东西啊。,3,2017-03-16 16:07:17,j***5,琥珀金,,128GB,来自京东Android客户端,金牌会员
7526,7526,HUAWEI Mate 9 Pro,猴为，关注了好久都没货，强制买保险就有货了，这分明是官方黄牛啊，机子感觉也不值这个价，跟三星苹果比起来无论做工细节，还是人性化使用，界面美观程度都差一些，当然配置什么的也是国产厂商最爱噱头的，现在硬件过剩，旗舰机流畅度都差不多，比的就是做工和服务了，总的来说捆绑销售和饥饿营销扣一分，性价比低扣一分，给3分吧,3,2017-03-10 13:16:31,凌***秋,琥珀金,,128GB套装版,来自京东Android客户端,PLUS会员
7527,7527,HUAWEI Mate 9 Pro,如果对拍照有要求的就别买这款了，打开拍照页面够顶栏的功能键需要猛戳好几次才可以打开，切换前后摄像头也是费力耗时。不如买M9，这款也就多个曲屏。,3,2017-03-09 10:05:16,m***2,琥珀金,,128GB,来自京东Android客户端,钻石会员
7528,7528,HUAWEI Mate 9 Pro,今天刚刚收到，装机使用，屏幕清晰度不错，运行待体验，做工一般，真心不值这个价位的手机，曲面是一般般吧，真心没有棒子的曲面感。等待10天，是伤感情，史上最后一次购买华为。,3,2017-03-26 15:56:12,1***9,银钻灰,,128GB,来自京东Android客户端,钻石会员
7529,7529,HUAWEI Mate 9 Pro,应该不能算曲面屏，只外观设计有点弧度，不明显，双卡双待单通，挺省电的，但也挺不方便，需要设置来电转接才能不漏掉电话~,3,2017-03-22 12:16:24,l***e,玫瑰金,,64GB,来自京东Android客户端,银牌会员
7530,7530,HUAWEI Mate 9 Pro,颜值完全没有问题，系统也很流畅，功能齐全也很方便，续航也OK.但是信号为什么这么差？经常打出去听不到对面说什么，同样的位置之前的小米五都没这问题,3,2017-03-22 03:16:18,京***辰,琥珀金,,128GB,来自京东Android客户端,PLUS会员
7531,7531,HUAWEI Mate 9 Pro,机子不错，很快很流畅！美中不足的是竟然不支持扩展sd卡 太坑die了！另外，明明预售抢购显示次日有货，等了快一周才到货。送人的生日礼物，生日第二天才到！没货你抢毛啊！,3,2017-03-21 23:23:29,k***1,玫瑰金,,128GB,来自京东Android客户端,PLUS会员
7532,7532,HUAWEI Mate 9 Pro,总体来说我没感觉怎么好，和以前的荣耀7相差多少呢？,3,2017-03-16 14:23:34,k***x,琥珀金,,128GB,来自京东Android客户端,PLUS会员
7533,7533,HUAWEI Mate 9 Pro,挺好的 手感好 流畅 性价比高 物流快,3,2017-03-15 20:07:55,猫***_,银钻灰,,64GB,来自京东iPhone客户端,钻石会员
7534,7534,HUAWEI Mate 9 Pro,没有捆绑就更好了。。最恶心的一次。,3,2017-03-07 22:01:22,木***r,琥珀金,,64GB套装版,来自京东Android客户端,钻石会员
7535,7535,HUAWEI Mate 9 Pro,手机怎么感觉不是新的啊，打开手机屏幕上全是指纹，看着很脏，我怀疑是不是别人退货的机子，第一次在京东买东西不是很愉快。。,3,2017-02-26 13:29:34,w***0,琥珀金,,128GB,来自京东Android客户端,银牌会员
7536,7536,HUAWEI Mate 9 Pro,亮度太低，还有这是曲面屏？,3,2017-02-26 11:53:54,无***法,琥珀金,,128GB,来自京东Android客户端,PLUS会员
7537,7537,HUAWEI Mate 9 Pro,客服垃圾，刘老板换人吧,3,2017-02-26 11:51:41,存***疯,玫瑰金,,64GB,来自京东Android客户端,钻石会员
7538,7538,HUAWEI Mate 9 Pro,外观漂亮手感好，屏幕弧度一般，系统流畅没有想象的好，玩个王者荣耀，读取速度居然败给我朋友的水果6，这我也是醉了，综合来讲性价比不高，希望能够改进。还有华为这营销模式也实在令人反感，还要捆绑销售，还有说下京东的包装，忒简陋了，到货的时候手机盒子角都有点变形,3,2017-02-24 23:28:54,j***p,琥珀金,,128GB套装版,来自京东Android客户端,金牌会员
7539,7539,HUAWEI Mate 9 Pro,垃圾,2,2017-02-24 19:15:33,轻***Q,琥珀金,,64GB,,PLUS会员
7540,7540,HUAWEI Mate 9 Pro,边缘触摸不太灵敏，手机原装贴膜有划痕，包装盒有划痕，凹盒，里面配件盒有污迹！,3,2017-02-24 14:27:27,徳***少,琥珀金,,128GB套装版,,PLUS会员
7541,7541,HUAWEI Mate 9 Pro,感觉手机好像被人用过，我23买的，手机里12号有一个视频,2,2017-02-22 12:24:40,jd_177141ppp,琥珀金,,128GB套装版,来自京东iPhone客户端,银牌会员
7542,7542,HUAWEI Mate 9 Pro,很流畅。京东打包的完全是应付差事，充气包的放置起不到保护作用。配送员在未经同意下，由人转交。好歹是贵重物品，丢了、坏了算谁的？扣星，扣在京东,3,2017-02-21 23:05:20,栋梁拆,琥珀金,,128GB套装版,来自京东iPhone客户端,PLUS会员
7543,7543,HUAWEI Mate 9 Pro,老是卡机，不好,2,2017-03-15 15:49:11,雨***丫,玫瑰金,,64GB,来自京东Android客户端,PLUS会员
7544,7544,HUAWEI Mate 9 Pro,手机是不错很流畅，不过偶尔会卡一下，外观也不错，拍照也很清晰对焦也够快，就是长度比我一样大小的LGG3长了不少，不满意京东的捆绑变相加价多出四百大洋，不爽扣两星！,3,2017-03-14 15:33:18,1***m,琥珀金,,128GB套装版,来自京东Android客户端,PLUS会员
7545,7545,HUAWEI Mate 9 Pro,感觉这个价格不是很值，曲面屏也没有我想象的好，不过用起来还行,3,2017-03-13 15:48:13,某***曲,琥珀金,,64GB,来自京东Android客户端,金牌会员
7546,7546,HUAWEI Mate 9 Pro,充电插口与别的机器都不一样，充电器的插头根本插不到底，稍微一动就掉电，充电时甭想用手机。第一次买国产手机，失望。售后问什么除了一句&ldquo;没有&rdquo;&ldquo;抱歉&rdquo;就没别的。,3,2017-03-10 17:22:48,H***L,琥珀金,,64GB,,企业会员
7547,7547,HUAWEI Mate 9 Pro,第一，二，四，五，七，九张都是华为拍的，扩大起来照片字体是模糊的！华为的防斗技术还是不行的.其余的都是诺基亚微软950拍的！手机用起来功能没有小米的好用！系统没有人性化！也不是双系统，也没有啊分身功能！运行系统还是慢的.唯一好的就是电池还不错！这个价格买这个手机不值！只是被吹起来的机子！性价比真低.早知道买苹果了！买来本来想退的！想想算了！买小米也不要买华为！功能太少了！接收网速还是不快！要抢红包！导航的！还是苹果快！,3,2017-03-07 20:37:52,jd_bole59,琥珀金,,128GB套装版,来自京东Android客户端,金牌会员
7548,7548,HUAWEI Mate 9 Pro,怎么看都像岁是旧的，里面还有不知道是那个人的照片，对付着用吧,3,2017-02-21 18:26:28,j***e,琥珀金,,128GB套装版,来自京东Android客户端,PLUS会员
7549,7549,HUAWEI Mate 9 Pro,够坑啊，一个碎屏保就*，要不抢不到标配才不会买这个的套餐机！！！,2,2017-02-18 16:35:55,v***z,琥珀金,,128GB套装版,,PLUS会员
7550,7550,HUAWEI Mate 9 Pro,到手很流畅，但是nfc功能有问题，不能办理公交卡，也不能绑定银行卡,3,2017-02-05 14:16:17,j***0,玫瑰金,,128GB,来自京东Android客户端,PLUS会员
7551,7551,HUAWEI Mate 9 Pro,包装能再抠点吗？手机摔出问题了算谁的？,3,2017-02-02 23:01:16,w***1,玫瑰金,,128GB,来自京东Android客户端,钻石会员
7552,7552,HUAWEI Mate 9 Pro,系统流畅，为什么就给3颗星呢？是给京东的，因为他把我号黑了，抢购东西再也抢不了了。,3,2017-03-01 08:26:50,j***d,琥珀金,,64GB,来自微信购物,钻石会员
7553,7553,HUAWEI Mate 9 Pro,"太难抢了！耗费了粉丝的热情和生命，no zuo no die知道吗？机器本身很不错，扣两星是因为缺货。
比同配置mate9贵800，个人觉得还是超值的。",3,2017-02-28 22:47:36,x***x,琥珀金,,128GB,来自京东Android客户端,PLUS会员
7554,7554,HUAWEI Mate 9 Pro,触屏还是不如三星灵敏，两星是给这个饥饿营销的128g的抢不到更别说保时捷了。,2,2017-02-27 13:58:46,j***n,琥珀金,,64GB,来自京东Android客户端,银牌会员
7555,7555,HUAWEI Mate 9 Pro,手机曲度没有想像的那么大，比S7要小得多，触屏不怎么灵敏，尤其是在看图片左右划动时经常会出现能认到点触但点触后的左右移动不能识别。比期待的要差，真的,3,2017-02-27 11:24:33,j***j,琥珀金,,128GB,,PLUS会员
7556,7556,HUAWEI Mate 9 Pro,用了五天，速度还行，做工一般，感觉触屏灵敏度太差，反应太慢，没有苹果手机触控灵敏，支持国货，国人尚需努力。,3,2017-02-27 08:32:10,j***s,琥珀金,,128GB套装版,,PLUS会员
7557,7557,HUAWEI Mate 9 Pro,"手机值钱的时候抢不到,抢到就烂,太气人",3,2017-02-26 14:04:18,小***炮,玫瑰金,,64GB,,金牌会员
7558,7558,HUAWEI Mate 9 Pro,1拍照比P9更好 无论是对焦速度还是光圈模式下。2续航比P9好一点 100%电量同时玩梦幻西游一起组队 2小时 2个简单副本 +封妖10个。mate9pro剩余电量61% 华为P9(已使用大半年)剩余电量47%。3曲面屏第一次用 相比小米note2细节优势太大了 相比三星同样有不错的优势 三星边框折出来的的感觉比较硬 而mate9pro是绝对的完美弧形4运行非常流畅 默认后台打开**\\微信2个\网易新闻\汽车之家这四个应用 内存剩余3.9GB~4.15G之间浮动 完全够用5充电速度简直是嗖嗖的快 以前我剩余50%左右就要插充电器了。现在早晨起来31%充电器插起 洗脸漱口 烤土司+煎蛋 吃了早餐出门30分钟 93%的电量。&nbsp;,5,2017-03-22 17:12:04,U***-,银钻灰,,128GB,来自京东Android客户端,钻石会员
